entity,name,status
CoreThread,Anvil Corp,Active
CoreThread,Anvil Holdings,Active
CoreThread,Anvil Inc,Active
CoreThread,Ashford Holdings,Active
CoreThread,Ashford Inc,Churned
CoreThread,Beacon Corp,Churned
CoreThread,Beacon Holdings,Active
CoreThread,Beacon Technologies,Active
CoreThread,Bluepeak Corp,Active
CoreThread,Bluepeak Global,Active
CoreThread,Brightwater Global,Active
CoreThread,Brightwater Technologies,Active
CoreThread,Cascade Group,Active
CoreThread,Cerulean Industries,Active
CoreThread,Cerulean Systems,Churned
CoreThread,Clearfield Holdings,Active
CoreThread,Delmar Industries,Active
CoreThread,Delmar Systems,Active
CoreThread,Eastvale Technologies,Active
CoreThread,Granite Inc,Active
CoreThread,Hollis Group,Active
CoreThread,Hollis Holdings,Active
CoreThread,Hollis Systems,Active
CoreThread,Ironwood Systems,Churned
CoreThread,Keystone Industries,Active
CoreThread,Larkspur Global,Active
CoreThread,Larkspur Holdings,Churned
CoreThread,Marlowe Corp,Active
CoreThread,Marlowe Global,Active
CoreThread,Marlowe Group,Active
CoreThread,Marlowe Inc,Active
CoreThread,Merrivale Corp,Churned
CoreThread,Merrivale Inc,Churned
CoreThread,Northwind Global,Active
CoreThread,Northwind Holdings,Active
CoreThread,Northwind Industries,Active
CoreThread,Northwind Technologies,Churned
CoreThread,Oakhurst Corp,Active
CoreThread,Oakhurst Group,Active
CoreThread,Onyx Industries,Active
CoreThread,Onyx Systems,Active
CoreThread,Pinnacle Group,Active
CoreThread,Pinnacle Industries,Active
CoreThread,Pinnacle Systems,Churned
CoreThread,Prescott Corp,Churned
CoreThread,Quartz Global,Active
CoreThread,Redwood Group,Active
CoreThread,Redwood Industries,Active
CoreThread,Redwood Systems,Active
CoreThread,Sterling Global,Active
CoreThread,Sterling Group,Churned
CoreThread,Sterling Inc,Active
CoreThread,Summit Systems,Active
CoreThread,Thornton Holdings,Active
CoreThread,Thornton Systems,Active
CoreThread,Tidewater Corp,Churned
CoreThread,Tidewater Industries,Active
CoreThread,Vanguard Industries,Active
CoreThread,Weston Corp,Active
CoreThread,Weston Global,Active
CoreThread,Weston Inc,Active
CoreThread,Wexford Systems,Active
CoreThread,Wexford Technologies,Active
CoreThread,Zephyr Holdings,Active
CoreThread,Zephyr Inc,Active
CoreThread,Zephyr Industries,Active
NexCore,Acre Networks,Active
NexCore,AgroSense Automation,Churned
NexCore,AgroSense Systems,Active
NexCore,Anvil Holdings,Active
NexCore,Anvil Inc,Active
NexCore,Ashford Holdings,Active
NexCore,Assembly Solutions,Active
NexCore,Axiom Automation,Active
NexCore,Axiom Labs,Active
NexCore,Basket Devices,Active
NexCore,Beacon Holdings,Churned
NexCore,Bluepeak Corp,Active
NexCore,Brightwater Technologies,Active
NexCore,Caliper Automation,Active
NexCore,CarePoint Controls,Active
NexCore,Cascade Group,Active
NexCore,Checkout Analytics,Active
NexCore,Convoy Solutions,Active
NexCore,Delmar Industries,Active
NexCore,Delmar Systems,Churned
NexCore,Dexterous Industries,Active
NexCore,Dexterous Labs,Active
NexCore,Dispatch Analytics,Active
NexCore,Dynamo Dynamics,Active
NexCore,Dynamo Networks,Active
NexCore,Eastvale Technologies,Active
NexCore,Extrude Analytics,Active
NexCore,Extrude Controls,Churned
NexCore,FleetOps Analytics,Churned
NexCore,FleetOps Technologies,Churned
NexCore,Forgeline Automation,Active
NexCore,Granite Inc,Active
NexCore,GridCore Industries,Active
NexCore,Helix Dynamics,Active
NexCore,Hollis Systems,Active
NexCore,Ironclad Solutions,Churned
NexCore,Ironclad Systems,Active
NexCore,Kinetix Technologies,Churned
NexCore,Kiosk Analytics,Active
NexCore,Larkspur Global,Active
NexCore,Lumen Analytics,Active
NexCore,Lumen Technologies,Active
NexCore,MedEdge Solutions,Active
NexCore,Merrivale Inc,Active
NexCore,Northwind Global,Active
NexCore,Northwind Holdings,Active
NexCore,Northwind Industries,Active
NexCore,Nucleus Solutions,Active
NexCore,Oakhurst Group,Active
NexCore,Onyx Industries,Active
NexCore,Onyx Systems,Active
NexCore,Pallet Labs,Active
NexCore,Perimeter Automation,Active
NexCore,Pinion Automation,Active
NexCore,Pinnacle Systems,Active
NexCore,Planogram Labs,Churned
NexCore,Pulse Controls,Active
NexCore,Pulse Dynamics,Active
NexCore,Servo Solutions,Active
NexCore,Sprout Networks,Churned
NexCore,Sterling Global,Active
NexCore,Strata Systems,Active
NexCore,Tidewater Industries,Active
NexCore,Tooling Dynamics,Active
NexCore,Torque Automation,Active
NexCore,Transit Industries,Churned
NexCore,Vantage Analytics,Active
NexCore,Velocity Networks,Churned
NexCore,Vivo Networks,Active
NexCore,Warden Labs,Active
NexCore,Weston Corp,Active
NexCore,Weston Global,Active
NexCore,Weston Inc,Active
NexCore,Wexford Systems,Churned
NexCore,Wexford Technologies,Active
NexCore,Yield Analytics,Churned
NexCore,Yield Dynamics,Active
NexCore,Yield Solutions,Active
NexCore,Zephyr Industries,Active
